https://en.wikipedia.org/wiki/Grozny,https://en.wikipedia.org/wiki/Adolf_Hitler
https://en.wikipedia.org/wiki/Haugesund,https://en.wikipedia.org/wiki/Welfare,https://en.wikipedia.org/wiki/Adolf_Hitler
https://en.wikipedia.org/wiki/Outline_of_academic_disciplines,https://en.wikipedia.org/wiki/Historiography,https://en.wikipedia.org/wiki/Historiography_of_Adolf_Hitler
"https://en.wikipedia.org/wiki/Los_Alamos,_New_Mexico",https://en.wikipedia.org/wiki/World_War_II,https://en.wikipedia.org/wiki/Adolf_Hitler
https://en.wikipedia.org/wiki/World_War_II,https://en.wikipedia.org/wiki/Adolf_Hitler
https://en.wikipedia.org/wiki/Fantasy,https://en.wikipedia.org/wiki/Alternate_history,https://en.wikipedia.org/wiki/Adolf_Hitler
https://en.wikipedia.org/wiki/Taxonomy_(biology),https://en.wikipedia.org/wiki/Objections_to_evolution,https://en.wikipedia.org/wiki/Adolf_Hitler
https://en.wikipedia.org/wiki/Mildura,https://en.wikipedia.org/wiki/Decentralisation,https://en.wikipedia.org/wiki/Adolf_Hitler
https://en.wikipedia.org/wiki/Hurling,https://en.wikipedia.org/wiki/UNESCO,https://en.wikipedia.org/wiki/Adolf_Hitler
https://en.wikipedia.org/wiki/Gaelic_football,https://en.wikipedia.org/wiki/Yankee_Stadium_(1923),https://en.wikipedia.org/wiki/Adolf_Hitler
"https://en.wikipedia.org/wiki/Kimberley,_Northern_Cape",https://en.wikipedia.org/wiki/World_War_II,https://en.wikipedia.org/wiki/Adolf_Hitler
https://en.wikipedia.org/wiki/Vlor%C3%AB,https://en.wikipedia.org/wiki/Catholic_Church,https://en.wikipedia.org/wiki/Adolf_Hitler
https://en.wikipedia.org/wiki/Tudor_Giurgiu,https://en.wikipedia.org/wiki/Romania,https://en.wikipedia.org/wiki/Adolf_Hitler
https://en.wikipedia.org/wiki/Geographic_coordinate_system,https://en.wikipedia.org/wiki/Scotland,https://en.wikipedia.org/wiki/Adolf_Hitler
https://en.wikipedia.org/wiki/Denison_University,https://en.wikipedia.org/wiki/The_New_York_Times,https://en.wikipedia.org/wiki/Adolf_Hitler
https://en.wikipedia.org/wiki/Greatest_hits_album,https://en.wikipedia.org/wiki/Louis_Armstrong,https://en.wikipedia.org/wiki/Adolf_Hitler
https://en.wikipedia.org/wiki/San_Lorenzo_de_El_Escorial,https://en.wikipedia.org/wiki/Spanish_Civil_War,https://en.wikipedia.org/wiki/Adolf_Hitler
https://en.wikipedia.org/wiki/Cappadocian_Fathers,https://en.wikipedia.org/wiki/Russian_Orthodox_Church_Outside_of_Russia,https://en.wikipedia.org/wiki/Adolf_Hitler
https://en.wikipedia.org/wiki/Barristers%27_chambers,https://en.wikipedia.org/wiki/Referendum,https://en.wikipedia.org/wiki/Adolf_Hitler
https://en.wikipedia.org/wiki/Connah%27s_Quay,https://en.wikipedia.org/wiki/Dunkirk,https://en.wikipedia.org/wiki/Adolf_Hitler
"https://en.wikipedia.org/wiki/Naranjito,_Puerto_Rico",https://en.wikipedia.org/wiki/Spain,https://en.wikipedia.org/wiki/Adolf_Hitler
https://en.wikipedia.org/wiki/Goalkeeper_(association_football),https://en.wikipedia.org/wiki/Austria_national_football_team,https://en.wikipedia.org/wiki/Adolf_Hitler
https://en.wikipedia.org/wiki/IUCN_Red_List,https://en.wikipedia.org/wiki/Time_(magazine),https://en.wikipedia.org/wiki/Adolf_Hitler
"https://en.wikipedia.org/wiki/Mobile,_Alabama",https://en.wikipedia.org/wiki/Native_Americans_in_the_United_States,https://en.wikipedia.org/wiki/Adolf_Hitler
"https://en.wikipedia.org/wiki/Middelburg,_Zeeland",https://en.wikipedia.org/wiki/Europe,https://en.wikipedia.org/wiki/Adolf_Hitler
https://en.wikipedia.org/wiki/Deep_learning,https://en.wikipedia.org/wiki/Deepfake,https://en.wikipedia.org/wiki/Adolf_Hitler
https://en.wikipedia.org/wiki/Album,https://en.wikipedia.org/wiki/General_Motors,https://en.wikipedia.org/wiki/Adolf_Hitler
https://en.wikipedia.org/wiki/Susquehanna_University,https://en.wikipedia.org/wiki/New_York_Times,https://en.wikipedia.org/wiki/Adolf_Hitler
https://en.wikipedia.org/wiki/Jack_Neo,https://en.wikipedia.org/wiki/Satire,https://en.wikipedia.org/wiki/Adolf_Hitler
https://en.wikipedia.org/wiki/Hockey_Hall_of_Fame,https://en.wikipedia.org/wiki/Winter_Olympics,https://en.wikipedia.org/wiki/Adolf_Hitler
https://en.wikipedia.org/wiki/HMS_Thetis,https://en.wikipedia.org/wiki/Prussia,https://en.wikipedia.org/wiki/Adolf_Hitler
"https://en.wikipedia.org/wiki/Fond_du_Lac,_Wisconsin",https://en.wikipedia.org/wiki/Catholic_Church,https://en.wikipedia.org/wiki/Adolf_Hitler
https://en.wikipedia.org/wiki/Unteroffiziere_mit_Portepee,https://en.wikipedia.org/wiki/Armed_forces_of_Germany,https://en.wikipedia.org/wiki/Adolf_Hitler
https://en.wikipedia.org/wiki/Higher_education,https://en.wikipedia.org/wiki/Europe,https://en.wikipedia.org/wiki/Adolf_Hitler
https://en.wikipedia.org/wiki/Carlos_Chagas,https://en.wikipedia.org/wiki/Albert_Einstein,https://en.wikipedia.org/wiki/Adolf_Hitler
https://en.wikipedia.org/wiki/Culture_of_Portugal,https://en.wikipedia.org/wiki/Reconquista,https://en.wikipedia.org/wiki/Historiography_of_Adolf_Hitler
https://en.wikipedia.org/wiki/Privately_held_company,https://en.wikipedia.org/wiki/General_Motors,https://en.wikipedia.org/wiki/Adolf_Hitler
https://en.wikipedia.org/wiki/Kuwait,https://en.wikipedia.org/wiki/Saddam_Hussein,https://en.wikipedia.org/wiki/Adolf_Hitler    
https://en.wikipedia.org/wiki/Australia,https://en.wikipedia.org/wiki/Austria,https://en.wikipedia.org/wiki/Adolf_Hitler
https://en.wikipedia.org/wiki/New_South_Wales_Legislative_Council,https://en.wikipedia.org/wiki/Elizabeth_II,https://en.wikipedia.org/wiki/Adolf_Hitler
https://en.wikipedia.org/wiki/Brian_McClellan,https://en.wikipedia.org/wiki/Orson_Scott_Card,https://en.wikipedia.org/wiki/Adolf_Hitler
https://en.wikipedia.org/wiki/Johann_Kaspar_Lavater,https://en.wikipedia.org/wiki/Ernst_Gombrich,https://en.wikipedia.org/wiki/Adolf_Hitler
https://en.wikipedia.org/wiki/Tamil_Nadu,https://en.wikipedia.org/wiki/Indian_National_Army,https://en.wikipedia.org/wiki/Adolf_Hitler
https://en.wikipedia.org/wiki/Botanist,https://en.wikipedia.org/wiki/Carl_Linnaeus,https://en.wikipedia.org/wiki/Adolf_Hitler
https://en.wikipedia.org/wiki/Purdue_Boilermakers_football,https://en.wikipedia.org/wiki/University_of_Washington,https://en.wikipedia.org/wiki/Adolf_Hitler
https://en.wikipedia.org/wiki/Carl_Linnaeus,https://en.wikipedia.org/wiki/Adolf_Hitler
https://en.wikipedia.org/wiki/Sarin,https://en.wikipedia.org/wiki/Adolf_Hitler
https://en.wikipedia.org/wiki/United_Arab_Emirates,https://en.wikipedia.org/wiki/Freedom_of_expression,https://en.wikipedia.org/wiki/Adolf_Hitler
https://en.wikipedia.org/wiki/Daily_newspaper,https://en.wikipedia.org/wiki/Fake_news,https://en.wikipedia.org/wiki/Adolf_Hitler
https://en.wikipedia.org/wiki/Poland,https://en.wikipedia.org/wiki/Adolf_Hitler
https://en.wikipedia.org/wiki/Metro_Atlantic_Athletic_Conference,https://en.wikipedia.org/wiki/United_States_Military_Academy,https://en.wikipedia.org/wiki/Adolf_Hitler
"https://en.wikipedia.org/wiki/Santa_Monica,_California",https://en.wikipedia.org/wiki/Great_Depression,https://en.wikipedia.org/wiki/Adolf_Hitler
https://en.wikipedia.org/wiki/Boston_Bruins,https://en.wikipedia.org/wiki/Helsingborg,https://en.wikipedia.org/wiki/Adolf_Hitler
https://en.wikipedia.org/wiki/Wigan_Warriors,https://en.wikipedia.org/wiki/Rochdale,https://en.wikipedia.org/wiki/Adolf_Hitler
https://en.wikipedia.org/wiki/Evrytania,https://en.wikipedia.org/wiki/World_War_II,https://en.wikipedia.org/wiki/Adolf_Hitler
https://en.wikipedia.org/wiki/Hiroshige,https://en.wikipedia.org/wiki/Monet,https://en.wikipedia.org/wiki/Adolf_Hitler
https://en.wikipedia.org/wiki/Genie_Award,https://en.wikipedia.org/wiki/Ararat_(film),https://en.wikipedia.org/wiki/Adolf_Hitler
https://en.wikipedia.org/wiki/Roman_Catholic,https://en.wikipedia.org/wiki/Adolf_Hitler
https://en.wikipedia.org/wiki/Indian_Railways,https://en.wikipedia.org/wiki/Germany,https://en.wikipedia.org/wiki/Adolf_Hitler
https://en.wikipedia.org/wiki/Soviet_Union,https://en.wikipedia.org/wiki/Adolf_Hitler
https://en.wikipedia.org/wiki/BRENDA,https://en.wikipedia.org/wiki/Braunschweig,https://en.wikipedia.org/wiki/Adolf_Hitler
https://en.wikipedia.org/wiki/The_Man_with_the_Iron_Heart_(film),https://en.wikipedia.org/wiki/Adolf_Hitler
https://en.wikipedia.org/wiki/Renaissance,https://en.wikipedia.org/wiki/Historiography_of_Adolf_Hitler
https://en.wikipedia.org/wiki/History_of_the_Middle_East,https://en.wikipedia.org/wiki/Adolf_Hitler
https://en.wikipedia.org/wiki/Warsaw,https://en.wikipedia.org/wiki/Adolf_Hitler
https://en.wikipedia.org/wiki/Shadow_mask,https://en.wikipedia.org/wiki/Red,https://en.wikipedia.org/wiki/Adolf_Hitler
https://en.wikipedia.org/wiki/Anatolia,https://en.wikipedia.org/wiki/Hagiography,https://en.wikipedia.org/wiki/Historiography_of_Adolf_Hitler
https://en.wikipedia.org/wiki/2015_Fed_Cup,https://en.wikipedia.org/wiki/Helsingborg,https://en.wikipedia.org/wiki/Adolf_Hitler
"https://en.wikipedia.org/wiki/Lynn,_Massachusetts",https://en.wikipedia.org/wiki/Native_Americans_in_the_United_States,https://en.wikipedia.org/wiki/Adolf_Hitler
https://en.wikipedia.org/wiki/Julian_Metcalfe,https://en.wikipedia.org/wiki/Edward_VIII_of_the_United_Kingdom,https://en.wikipedia.org/wiki/Adolf_Hitler
https://en.wikipedia.org/wiki/Sweden,https://en.wikipedia.org/wiki/Europe,https://en.wikipedia.org/wiki/Adolf_Hitler
https://en.wikipedia.org/wiki/Bad_Nauheim,https://en.wikipedia.org/wiki/Adolf_Hitler
https://en.wikipedia.org/wiki/National_Basketball_Association,https://en.wikipedia.org/wiki/Anabolic_steroid,https://en.wikipedia.org/wiki/Adolf_Hitler
https://en.wikipedia.org/wiki/Hip_hop_music,https://en.wikipedia.org/wiki/Adolf_Hitler
https://en.wikipedia.org/wiki/List_of_political_ideologies,https://en.wikipedia.org/wiki/Adolf_Hitler
https://en.wikipedia.org/wiki/Matija_Nenadovi%C4%87,https://en.wikipedia.org/wiki/History_of_Serbia,https://en.wikipedia.org/wiki/Adolf_Hitler
https://en.wikipedia.org/wiki/Europe,https://en.wikipedia.org/wiki/Adolf_Hitler
https://en.wikipedia.org/wiki/Beach_volleyball,https://en.wikipedia.org/wiki/Great_Depression,https://en.wikipedia.org/wiki/Adolf_Hitler
https://en.wikipedia.org/wiki/Ciudad_Victoria,https://en.wikipedia.org/wiki/Catholic_Church,https://en.wikipedia.org/wiki/Adolf_Hitler
https://en.wikipedia.org/wiki/Germany,https://en.wikipedia.org/wiki/Adolf_Hitler
https://en.wikipedia.org/wiki/Romania,https://en.wikipedia.org/wiki/Adolf_Hitler
https://en.wikipedia.org/wiki/Dutch_name,https://en.wikipedia.org/wiki/Catholics,https://en.wikipedia.org/wiki/Adolf_Hitler
https://en.wikipedia.org/wiki/Vienna,https://en.wikipedia.org/wiki/Adolf_Hitler
https://en.wikipedia.org/wiki/Franz_Barten,https://en.wikipedia.org/wiki/Germany,https://en.wikipedia.org/wiki/Adolf_Hitler
https://en.wikipedia.org/wiki/Oklahoma_Sooners_football,https://en.wikipedia.org/wiki/University_of_Washington,https://en.wikipedia.org/wiki/Adolf_Hitler
https://en.wikipedia.org/wiki/Brazil,https://en.wikipedia.org/wiki/Luiz_In%C3%A1cio_Lula_da_Silva,https://en.wikipedia.org/wiki/Adolf_Hitler
https://en.wikipedia.org/wiki/Spain,https://en.wikipedia.org/wiki/Adolf_Hitler
https://en.wikipedia.org/wiki/Guillaume-Ren%C3%A9_Meignan,https://en.wikipedia.org/wiki/Roman_Catholic_Church,https://en.wikipedia.org/wiki/Adolf_Hitler
https://en.wikipedia.org/wiki/Twitter_(identifier),https://en.wikipedia.org/wiki/Adolf_Hitler
"https://en.wikipedia.org/wiki/Cayuga,_New_York",https://en.wikipedia.org/wiki/Rod_Serling,https://en.wikipedia.org/wiki/Adolf_Hitler
https://en.wikipedia.org/wiki/Ship,https://en.wikipedia.org/wiki/Hamburg,https://en.wikipedia.org/wiki/Adolf_Hitler
https://en.wikipedia.org/wiki/UCI_Para-cycling_Track_World_Championships,https://en.wikipedia.org/wiki/Augsburg,https://en.wikipedia.org/wiki/Adolf_Hitler
https://en.wikipedia.org/wiki/Twitter,https://en.wikipedia.org/wiki/Adolf_Hitler
"https://en.wikipedia.org/wiki/Hackensack,_New_Jersey",https://en.wikipedia.org/wiki/World_War_II,https://en.wikipedia.org/wiki/Adolf_Hitler
https://en.wikipedia.org/wiki/Bolshevik,https://en.wikipedia.org/wiki/Adolf_Hitler
https://en.wikipedia.org/wiki/England,https://en.wikipedia.org/wiki/Europe,https://en.wikipedia.org/wiki/Adolf_Hitler
https://en.wikipedia.org/wiki/Baku_Crystal_Hall,https://en.wikipedia.org/wiki/BBC_News,https://en.wikipedia.org/wiki/Adolf_Hitler
https://en.wikipedia.org/wiki/Mark_Noyce,https://en.wikipedia.org/wiki/Bruce_Lee,https://en.wikipedia.org/wiki/Adolf_Hitler
https://en.wikipedia.org/wiki/Adult_entertainment,https://en.wikipedia.org/wiki/The_New_York_Times,https://en.wikipedia.org/wiki/Adolf_Hitler
https://en.wikipedia.org/wiki/Ghanaian_people,https://en.wikipedia.org/wiki/Germany,https://en.wikipedia.org/wiki/Adolf_Hitler
https://en.wikipedia.org/wiki/Jenifer_Lewis,https://en.wikipedia.org/wiki/Adolf_Hitler
https://en.wikipedia.org/wiki/Shogakukan,https://en.wikipedia.org/wiki/Europe,https://en.wikipedia.org/wiki/Adolf_Hitler
https://en.wikipedia.org/wiki/The_Morning_Post,https://en.wikipedia.org/wiki/Adolf_Hitler
https://en.wikipedia.org/wiki/Officer_of_the_Order_of_the_British_Empire,https://en.wikipedia.org/wiki/King_George_V,https://en.wikipedia.org/wiki/Adolf_Hitler
https://en.wikipedia.org/wiki/Osaka,https://en.wikipedia.org/wiki/General_Motors,https://en.wikipedia.org/wiki/Adolf_Hitler
https://en.wikipedia.org/wiki/Single_(music),https://en.wikipedia.org/wiki/Bob_Dylan,https://en.wikipedia.org/wiki/Adolf_Hitler
https://en.wikipedia.org/wiki/Compilation_film,https://en.wikipedia.org/wiki/Adolf_Hitler
https://en.wikipedia.org/wiki/Spanish_name,https://en.wikipedia.org/wiki/Spain,https://en.wikipedia.org/wiki/Adolf_Hitler
https://en.wikipedia.org/wiki/August_Strindberg,https://en.wikipedia.org/wiki/Modernism,https://en.wikipedia.org/wiki/Adolf_Hitler
https://en.wikipedia.org/wiki/Television_in_Japan,https://en.wikipedia.org/wiki/World_War_II,https://en.wikipedia.org/wiki/Adolf_Hitler
https://en.wikipedia.org/wiki/Remix_album,https://en.wikipedia.org/wiki/The_Beatles,https://en.wikipedia.org/wiki/Adolf_Hitler
https://en.wikipedia.org/wiki/Wiesbaden,https://en.wikipedia.org/wiki/Adolf_Hitler
https://en.wikipedia.org/wiki/Elizabeth_II,https://en.wikipedia.org/wiki/Adolf_Hitler
https://en.wikipedia.org/wiki/Oslo,https://en.wikipedia.org/wiki/Copenhagen,https://en.wikipedia.org/wiki/Adolf_Hitler
https://en.wikipedia.org/wiki/CL_Bay_06b,https://en.wikipedia.org/wiki/Second_World_War,https://en.wikipedia.org/wiki/Adolf_Hitler
https://en.wikipedia.org/wiki/Reporting_mark,https://en.wikipedia.org/wiki/Austria,https://en.wikipedia.org/wiki/Adolf_Hitler
https://en.wikipedia.org/wiki/Republican_Party_(United_States),https://en.wikipedia.org/wiki/Adolf_Hitler
https://en.wikipedia.org/wiki/Equatorial_Guinea,https://en.wikipedia.org/wiki/Adolf_Hitler
https://en.wikipedia.org/wiki/History,https://en.wikipedia.org/wiki/Historiography_of_Adolf_Hitler
https://en.wikipedia.org/wiki/Sigmund_Freud,https://en.wikipedia.org/wiki/Adolf_Hitler
https://en.wikipedia.org/wiki/The_New_York_Times,https://en.wikipedia.org/wiki/Adolf_Hitler
https://en.wikipedia.org/wiki/Bursaspor,https://en.wikipedia.org/wiki/Scotland,https://en.wikipedia.org/wiki/Adolf_Hitler
https://en.wikipedia.org/wiki/Hendrik_Jan_Smidt,https://en.wikipedia.org/wiki/Gerrit_Jan_van_Heuven_Goedhart,https://en.wikipedia.org/wiki/Adolf_Hitler
https://en.wikipedia.org/wiki/Ludv%C3%ADk_Vacul%C3%ADk,https://en.wikipedia.org/wiki/Czechoslovakia,https://en.wikipedia.org/wiki/Adolf_Hitler
https://en.wikipedia.org/wiki/Munich,https://en.wikipedia.org/wiki/Adolf_Hitler
https://en.wikipedia.org/wiki/Alternate_history,https://en.wikipedia.org/wiki/Adolf_Hitler
https://en.wikipedia.org/wiki/Nelson_Mandela,https://en.wikipedia.org/wiki/Adolf_Hitler
https://en.wikipedia.org/wiki/Curling,https://en.wikipedia.org/wiki/Scotland,https://en.wikipedia.org/wiki/Adolf_Hitler
https://en.wikipedia.org/wiki/Kuala_Lumpur,https://en.wikipedia.org/wiki/UNESCO,https://en.wikipedia.org/wiki/Adolf_Hitler
https://en.wikipedia.org/wiki/2-4-0,https://en.wikipedia.org/wiki/Munich,https://en.wikipedia.org/wiki/Adolf_Hitler
https://en.wikipedia.org/wiki/The_Outer_Limits_(1963_TV_series),https://en.wikipedia.org/wiki/German_Expressionism,https://en.wikipedia.org/wiki/Adolf_Hitler
https://en.wikipedia.org/wiki/Syracuse_Orangemen_men%27s_basketball,https://en.wikipedia.org/wiki/Marty_Glickman,https://en.wikipedia.org/wiki/Adolf_Hitler
https://en.wikipedia.org/wiki/Defender_(association_football),https://en.wikipedia.org/wiki/Sport,https://en.wikipedia.org/wiki/Adolf_Hitler
https://en.wikipedia.org/wiki/Canadian_Parliament,https://en.wikipedia.org/wiki/Queen_Elizabeth_The_Queen_Mother,https://en.wikipedia.org/wiki/Adolf_Hitler
https://en.wikipedia.org/wiki/Crimean_Goths,https://en.wikipedia.org/wiki/Adolf_Hitler
https://en.wikipedia.org/wiki/Sivaji_Ganesan,https://en.wikipedia.org/wiki/Marlon_Brando,https://en.wikipedia.org/wiki/Adolf_Hitler
https://en.wikipedia.org/wiki/Industrial_music,https://en.wikipedia.org/wiki/Synth-pop,https://en.wikipedia.org/wiki/Adolf_Hitler
https://en.wikipedia.org/wiki/ECW_Arena,https://en.wikipedia.org/wiki/Germany,https://en.wikipedia.org/wiki/Adolf_Hitler
https://en.wikipedia.org/wiki/Battle_of_Grunwald,https://en.wikipedia.org/wiki/Adolf_Hitler
https://en.wikipedia.org/wiki/Forced_suicide,https://en.wikipedia.org/wiki/Adolf_Hitler
https://en.wikipedia.org/wiki/Bob_Dylan,https://en.wikipedia.org/wiki/Adolf_Hitler
https://en.wikipedia.org/wiki/French_language,https://en.wikipedia.org/wiki/Equatorial_Guinea,https://en.wikipedia.org/wiki/Adolf_Hitler
https://en.wikipedia.org/wiki/Philadelphia,https://en.wikipedia.org/wiki/Entrepreneurship,https://en.wikipedia.org/wiki/Adolf_Hitler
https://en.wikipedia.org/wiki/Justo_Jos%C3%A9_de_Urquiza,https://en.wikipedia.org/wiki/Jorge_Rafael_Videla,https://en.wikipedia.org/wiki/Adolf_Hitler
https://en.wikipedia.org/wiki/Ladislao_Vajda,https://en.wikipedia.org/wiki/World_War_II,https://en.wikipedia.org/wiki/Adolf_Hitler
https://en.wikipedia.org/wiki/Order_of_Canada,https://en.wikipedia.org/wiki/Elizabeth_II,https://en.wikipedia.org/wiki/Adolf_Hitler
https://en.wikipedia.org/wiki/Unique_Ingredient_Identifier,https://en.wikipedia.org/wiki/Methadone_hydrochloride,https://en.wikipedia.org/wiki/Adolf_Hitler
https://en.wikipedia.org/wiki/Singapore,https://en.wikipedia.org/wiki/World_War_II,https://en.wikipedia.org/wiki/Adolf_Hitler
https://en.wikipedia.org/wiki/Anthony_LaPaglia,https://en.wikipedia.org/wiki/Summary_execution,https://en.wikipedia.org/wiki/Adolf_Hitler
https://en.wikipedia.org/wiki/American_Revolution,https://en.wikipedia.org/wiki/Roaring_Twenties,https://en.wikipedia.org/wiki/Adolf_Hitler
https://en.wikipedia.org/wiki/India,https://en.wikipedia.org/wiki/Europe,https://en.wikipedia.org/wiki/Adolf_Hitler
https://en.wikipedia.org/wiki/Danegeld,https://en.wikipedia.org/wiki/Adolf_Hitler
https://en.wikipedia.org/wiki/Shanghai,https://en.wikipedia.org/wiki/Second_Sino-Japanese_War,https://en.wikipedia.org/wiki/Adolf_Hitler
https://en.wikipedia.org/wiki/Programmer,https://en.wikipedia.org/wiki/BBC_News,https://en.wikipedia.org/wiki/Adolf_Hitler
https://en.wikipedia.org/wiki/France,https://en.wikipedia.org/wiki/Europe,https://en.wikipedia.org/wiki/Adolf_Hitler
https://en.wikipedia.org/wiki/List_of_paradoxes,https://en.wikipedia.org/wiki/Adolf_Hitler
https://en.wikipedia.org/wiki/German_Football_Association,https://en.wikipedia.org/wiki/Adolf_Hitler
https://en.wikipedia.org/wiki/Chicano,https://en.wikipedia.org/wiki/Conservatism,https://en.wikipedia.org/wiki/Adolf_Hitler
https://en.wikipedia.org/wiki/Whitman_Publishing,https://en.wikipedia.org/wiki/Walt_Disney,https://en.wikipedia.org/wiki/Adolf_Hitler
https://en.wikipedia.org/wiki/Charlemagne,https://en.wikipedia.org/wiki/Adolf_Hitler
https://en.wikipedia.org/wiki/Portuguese_name,https://en.wikipedia.org/wiki/Historical_figure,https://en.wikipedia.org/wiki/Adolf_Hitler
https://en.wikipedia.org/wiki/Iowa_State_Cyclones_men%27s_basketball,https://en.wikipedia.org/wiki/Carrie_Chapman_Catt,https://en.wikipedia.org/wiki/Adolf_Hitler
https://en.wikipedia.org/wiki/Megaannum,https://en.wikipedia.org/wiki/Chronology,https://en.wikipedia.org/wiki/Historiography_of_Adolf_Hitler
https://en.wikipedia.org/wiki/Rooster_Teeth,https://en.wikipedia.org/wiki/Adolf_Hitler
"https://en.wikipedia.org/wiki/William_Cecil,_1st_Baron_Burghley",https://en.wikipedia.org/wiki/Tower_of_London,https://en.wikipedia.org/wiki/Adolf_Hitler
https://en.wikipedia.org/wiki/Occupation_of_the_Ruhr,https://en.wikipedia.org/wiki/Adolf_Hitler
https://en.wikipedia.org/wiki/History_of_Georgia_(country),https://en.wikipedia.org/wiki/Adolf_Hitler
https://en.wikipedia.org/wiki/Vladimir_Putin,https://en.wikipedia.org/wiki/Adolf_Hitler
https://en.wikipedia.org/wiki/Elton_John,https://en.wikipedia.org/wiki/Princess_Diana,https://en.wikipedia.org/wiki/Adolf_Hitler
https://en.wikipedia.org/wiki/Second_Sino-Japanese_War,https://en.wikipedia.org/wiki/Adolf_Hitler
https://en.wikipedia.org/wiki/Feminism,https://en.wikipedia.org/wiki/Adolf_Hitler
https://en.wikipedia.org/wiki/British_Whig_Party,https://en.wikipedia.org/wiki/List_of_political_ideologies,https://en.wikipedia.org/wiki/Adolf_Hitler
https://en.wikipedia.org/wiki/Theodore_Roosevelt,https://en.wikipedia.org/wiki/Adolf_Hitler
https://en.wikipedia.org/wiki/Catholic,https://en.wikipedia.org/wiki/Adolf_Hitler
https://en.wikipedia.org/wiki/Matthew_George,https://en.wikipedia.org/wiki/Lyndon_B._Johnson,https://en.wikipedia.org/wiki/Adolf_Hitler
https://en.wikipedia.org/wiki/Bosnia_and_Herzegovina,https://en.wikipedia.org/wiki/Adolf_Hitler
https://en.wikipedia.org/wiki/Bengali_language,https://en.wikipedia.org/wiki/UNESCO,https://en.wikipedia.org/wiki/Adolf_Hitler
https://en.wikipedia.org/wiki/Equatorial_Guinea,https://en.wikipedia.org/wiki/Adolf_Hitler
https://en.wikipedia.org/wiki/Harpo_Marx,https://en.wikipedia.org/wiki/Adolf_Hitler
https://en.wikipedia.org/wiki/Munich,https://en.wikipedia.org/wiki/Adolf_Hitler
https://en.wikipedia.org/wiki/The_Salvation_Army,https://en.wikipedia.org/wiki/Dwight_D._Eisenhower,https://en.wikipedia.org/wiki/Adolf_Hitler
https://en.wikipedia.org/wiki/Christmas_truce,https://en.wikipedia.org/wiki/Adolf_Hitler
https://en.wikipedia.org/wiki/Artillery_rocket,https://en.wikipedia.org/wiki/Psychological_warfare,https://en.wikipedia.org/wiki/Adolf_Hitler
https://en.wikipedia.org/wiki/Great_Depression,https://en.wikipedia.org/wiki/Adolf_Hitler
https://en.wikipedia.org/wiki/Copenhagen,https://en.wikipedia.org/wiki/Adolf_Hitler
https://en.wikipedia.org/wiki/London_Borough_of_Enfield,https://en.wikipedia.org/wiki/George_V_of_the_United_Kingdom,https://en.wikipedia.org/wiki/Adolf_Hitler
https://en.wikipedia.org/wiki/Gene_nomenclature,https://en.wikipedia.org/wiki/Acronym,https://en.wikipedia.org/wiki/Adolf_Hitler
https://en.wikipedia.org/wiki/Gaumont-Franco-Film-Aubert,https://en.wikipedia.org/wiki/Great_Depression,https://en.wikipedia.org/wiki/Adolf_Hitler
https://en.wikipedia.org/wiki/Hiroshima,https://en.wikipedia.org/wiki/Empire_of_Japan,https://en.wikipedia.org/wiki/Adolf_Hitler
https://en.wikipedia.org/wiki/Human_shield,https://en.wikipedia.org/wiki/Adolf_Hitler
https://en.wikipedia.org/wiki/Tamil_Nadu_Legislative_Assembly,https://en.wikipedia.org/wiki/World_War_II,https://en.wikipedia.org/wiki/Adolf_Hitler
https://en.wikipedia.org/wiki/Leo_Frank,https://en.wikipedia.org/wiki/Adolf_Hitler
https://en.wikipedia.org/wiki/Hungary,https://en.wikipedia.org/wiki/Europe,https://en.wikipedia.org/wiki/Adolf_Hitler
https://en.wikipedia.org/wiki/Road_Atlanta,https://en.wikipedia.org/wiki/Austria,https://en.wikipedia.org/wiki/Adolf_Hitler
https://en.wikipedia.org/wiki/Water_polo,https://en.wikipedia.org/wiki/Scotland,https://en.wikipedia.org/wiki/Adolf_Hitler
https://en.wikipedia.org/wiki/New_York_Times,https://en.wikipedia.org/wiki/Adolf_Hitler
https://en.wikipedia.org/wiki/Rose_Naftalin,https://en.wikipedia.org/wiki/Bia%C5%82ystok,https://en.wikipedia.org/wiki/Adolf_Hitler
https://en.wikipedia.org/wiki/Scotland,https://en.wikipedia.org/wiki/Adolf_Hitler
https://en.wikipedia.org/wiki/House_of_Representatives_(Japan),https://en.wikipedia.org/wiki/Cambodia%E2%80%93Japan_relations,https://en.wikipedia.org/wiki/Adolf_Hitler
https://en.wikipedia.org/wiki/Ouija,https://en.wikipedia.org/wiki/Adolf_Hitler
https://en.wikipedia.org/wiki/Greek_language,https://en.wikipedia.org/wiki/Romania,https://en.wikipedia.org/wiki/Adolf_Hitler
https://en.wikipedia.org/wiki/Heritage-listed,https://en.wikipedia.org/wiki/Historiography_of_Adolf_Hitler
https://en.wikipedia.org/wiki/Parotid_gland,https://en.wikipedia.org/wiki/Mandibular_ramus,https://en.wikipedia.org/wiki/Adolf_Hitler
https://en.wikipedia.org/wiki/Bydgoszcz,https://en.wikipedia.org/wiki/Adolf_Hitler
https://en.wikipedia.org/wiki/Volleyball_at_the_Summer_Olympics,https://en.wikipedia.org/wiki/Summer_Olympics,https://en.wikipedia.org/wiki/Adolf_Hitler
https://en.wikipedia.org/wiki/Kazakhstan,https://en.wikipedia.org/wiki/Authoritarianism,https://en.wikipedia.org/wiki/Adolf_Hitler
https://en.wikipedia.org/wiki/Public_company,https://en.wikipedia.org/wiki/Mark_Zuckerberg,https://en.wikipedia.org/wiki/Adolf_Hitler
https://en.wikipedia.org/wiki/Maribor,https://en.wikipedia.org/wiki/Adolf_Hitler
https://en.wikipedia.org/wiki/Admiralty_law,https://en.wikipedia.org/wiki/Hamburg,https://en.wikipedia.org/wiki/Adolf_Hitler
https://en.wikipedia.org/wiki/Genealogical,https://en.wikipedia.org/wiki/Historiography_of_Adolf_Hitler
https://en.wikipedia.org/wiki/List_of_religions_and_spiritual_traditions,https://en.wikipedia.org/wiki/Meaning_of_life,https://en.wikipedia.org/wiki/Adolf_Hitler
https://en.wikipedia.org/wiki/Native_Americans_in_the_United_States,https://en.wikipedia.org/wiki/Adolf_Hitler
https://en.wikipedia.org/wiki/Captain_America,https://en.wikipedia.org/wiki/Adolf_Hitler
https://en.wikipedia.org/wiki/Alan_Bullock,https://en.wikipedia.org/wiki/Adolf_Hitler
https://en.wikipedia.org/wiki/Major_League_Baseball,https://en.wikipedia.org/wiki/Great_Depression,https://en.wikipedia.org/wiki/Adolf_Hitler
https://en.wikipedia.org/wiki/Austria,https://en.wikipedia.org/wiki/Adolf_Hitler
https://en.wikipedia.org/wiki/Denver,https://en.wikipedia.org/wiki/Native_Americans_in_the_United_States,https://en.wikipedia.org/wiki/Adolf_Hitler
https://en.wikipedia.org/wiki/Knight_Commander_of_the_Order_of_the_Star_of_India,https://en.wikipedia.org/wiki/Elizabeth_II,https://en.wikipedia.org/wiki/Adolf_Hitler
https://en.wikipedia.org/wiki/Montreal,https://en.wikipedia.org/wiki/UNESCO,https://en.wikipedia.org/wiki/Adolf_Hitler
https://en.wikipedia.org/wiki/Hundred_Years%27_War,https://en.wikipedia.org/wiki/Low_Countries,https://en.wikipedia.org/wiki/Adolf_Hitler
https://en.wikipedia.org/wiki/East_Germany,https://en.wikipedia.org/wiki/Adolf_Hitler
https://en.wikipedia.org/wiki/Sana%27a,https://en.wikipedia.org/wiki/UNESCO,https://en.wikipedia.org/wiki/Adolf_Hitler
https://en.wikipedia.org/wiki/Milwaukee,https://en.wikipedia.org/wiki/Native_Americans_in_the_United_States,https://en.wikipedia.org/wiki/Adolf_Hitler
https://en.wikipedia.org/wiki/Russia,https://en.wikipedia.org/wiki/Authoritarianism,https://en.wikipedia.org/wiki/Adolf_Hitler
https://en.wikipedia.org/wiki/Florence,https://en.wikipedia.org/wiki/Renaissance,https://en.wikipedia.org/wiki/Historiography_of_Adolf_Hitler
"https://en.wikipedia.org/wiki/Pickaway_County,_Ohio",https://en.wikipedia.org/wiki/Adolf_Hitler
https://en.wikipedia.org/wiki/President_of_the_Storting,https://en.wikipedia.org/wiki/Adolf_Hitler
https://en.wikipedia.org/wiki/Siota,https://en.wikipedia.org/wiki/World_War_II,https://en.wikipedia.org/wiki/Adolf_Hitler
https://en.wikipedia.org/wiki/Kate_Bush,https://en.wikipedia.org/wiki/Adolf_Hitler
https://en.wikipedia.org/wiki/Po%C5%BEarevac,https://en.wikipedia.org/wiki/Charlemagne,https://en.wikipedia.org/wiki/Adolf_Hitler
https://en.wikipedia.org/wiki/Kosovo_independence,https://en.wikipedia.org/wiki/Adolf_Hitler
https://en.wikipedia.org/wiki/Archaeological_site,https://en.wikipedia.org/wiki/Historiography_of_Adolf_Hitler
https://en.wikipedia.org/wiki/Mali,https://en.wikipedia.org/wiki/Wagner_Group,https://en.wikipedia.org/wiki/Adolf_Hitler
https://en.wikipedia.org/wiki/James_Stewart,https://en.wikipedia.org/wiki/Adolf_Hitler
https://en.wikipedia.org/wiki/Austro-Hungary,https://en.wikipedia.org/wiki/Adolf_Hitler
https://en.wikipedia.org/wiki/Iceland,https://en.wikipedia.org/wiki/Europe,https://en.wikipedia.org/wiki/Adolf_Hitler
https://en.wikipedia.org/wiki/Puppet,https://en.wikipedia.org/wiki/Romania,https://en.wikipedia.org/wiki/Adolf_Hitler
https://en.wikipedia.org/wiki/William_Fichtner,https://en.wikipedia.org/wiki/Contact_(1997_American_film),https://en.wikipedia.org/wiki/Adolf_Hitler
https://en.wikipedia.org/wiki/Russia,https://en.wikipedia.org/wiki/Authoritarianism,https://en.wikipedia.org/wiki/Adolf_Hitler
https://en.wikipedia.org/wiki/Bodybuilding,https://en.wikipedia.org/wiki/Anabolic_steroid,https://en.wikipedia.org/wiki/Adolf_Hitler
https://en.wikipedia.org/wiki/Sasanian_Empire,https://en.wikipedia.org/wiki/Jews,https://en.wikipedia.org/wiki/Adolf_Hitler
https://en.wikipedia.org/wiki/Video_game_developer,https://en.wikipedia.org/wiki/Video_game_censorship,https://en.wikipedia.org/wiki/Adolf_Hitler
https://en.wikipedia.org/wiki/Chicago_Eight,https://en.wikipedia.org/wiki/Adolf_Hitler
https://en.wikipedia.org/wiki/East_Germany,https://en.wikipedia.org/wiki/Adolf_Hitler
https://en.wikipedia.org/wiki/Cinema_of_Egypt,https://en.wikipedia.org/wiki/Farouk_of_Egypt,https://en.wikipedia.org/wiki/Adolf_Hitler
https://en.wikipedia.org/wiki/Regiment,https://en.wikipedia.org/wiki/Spain,https://en.wikipedia.org/wiki/Adolf_Hitler
https://en.wikipedia.org/wiki/Korean_War,https://en.wikipedia.org/wiki/Adolf_Hitler
https://en.wikipedia.org/wiki/Berlin,https://en.wikipedia.org/wiki/Adolf_Hitler
"https://en.wikipedia.org/wiki/Bogot%C3%A1,_D.C.",https://en.wikipedia.org/wiki/Napoleon,https://en.wikipedia.org/wiki/Adolf_Hitler
https://en.wikipedia.org/wiki/Saudi_Arabia,https://en.wikipedia.org/wiki/Midian_war,https://en.wikipedia.org/wiki/Adolf_Hitler
https://en.wikipedia.org/wiki/French_and_Indian_War,https://en.wikipedia.org/wiki/Native_Americans_in_the_United_States,https://en.wikipedia.org/wiki/Adolf_Hitler
https://en.wikipedia.org/wiki/Old_Norse,https://en.wikipedia.org/wiki/Sigurd,https://en.wikipedia.org/wiki/Adolf_Hitler
https://en.wikipedia.org/wiki/Pre-Code_Hollywood,https://en.wikipedia.org/wiki/Adolf_Hitler
https://en.wikipedia.org/wiki/Lions_(United_Rugby_Championship),https://en.wikipedia.org/wiki/Scotland,https://en.wikipedia.org/wiki/Adolf_Hitler
https://en.wikipedia.org/wiki/Catholic_Church,https://en.wikipedia.org/wiki/Adolf_Hitler
https://en.wikipedia.org/wiki/United_States,https://en.wikipedia.org/wiki/Native_Americans_in_the_United_States,https://en.wikipedia.org/wiki/Adolf_Hitler
https://en.wikipedia.org/wiki/M%C4%81ori_people,https://en.wikipedia.org/wiki/Adolf_Hitler
https://en.wikipedia.org/wiki/List_of_years_in_architecture,https://en.wikipedia.org/wiki/Philip_Johnson,https://en.wikipedia.org/wiki/Adolf_Hitler
https://en.wikipedia.org/wiki/Amache_National_Historic_Site,https://en.wikipedia.org/wiki/Joe_Biden,https://en.wikipedia.org/wiki/Adolf_Hitler
https://en.wikipedia.org/wiki/Pope_Pius_XI,https://en.wikipedia.org/wiki/Adolf_Hitler
https://en.wikipedia.org/wiki/Jazz_fusion,https://en.wikipedia.org/wiki/The_New_York_Times,https://en.wikipedia.org/wiki/Adolf_Hitler
https://en.wikipedia.org/wiki/Hertha_BSC,https://en.wikipedia.org/wiki/Adolf_Hitler
https://en.wikipedia.org/wiki/Economic_Freedom_Fighters,https://en.wikipedia.org/wiki/Adolf_Hitler
https://en.wikipedia.org/wiki/AC_Cars,https://en.wikipedia.org/wiki/Second_World_War,https://en.wikipedia.org/wiki/Adolf_Hitler
https://en.wikipedia.org/wiki/Arthur_Wrigley,https://en.wikipedia.org/wiki/Second_World_War,https://en.wikipedia.org/wiki/Adolf_Hitler
https://en.wikipedia.org/wiki/Chalukya_dynasty,https://en.wikipedia.org/wiki/Epigraphy,https://en.wikipedia.org/wiki/Historiography_of_Adolf_Hitler
https://en.wikipedia.org/wiki/Dunkirk,https://en.wikipedia.org/wiki/Adolf_Hitler
https://en.wikipedia.org/wiki/Adolf_Dassler,https://en.wikipedia.org/wiki/Adolf_Hitler
https://en.wikipedia.org/wiki/Center_(basketball),https://en.wikipedia.org/wiki/Yugoslavia,https://en.wikipedia.org/wiki/Adolf_Hitler
"https://en.wikipedia.org/wiki/Sunderland,_Tyne_and_Wear",https://en.wikipedia.org/wiki/World_War_II,https://en.wikipedia.org/wiki/Adolf_Hitler
"https://en.wikipedia.org/wiki/Durham,_England",https://en.wikipedia.org/wiki/UNESCO,https://en.wikipedia.org/wiki/Adolf_Hitler
https://en.wikipedia.org/wiki/Reza_Khan,https://en.wikipedia.org/wiki/Adolf_Hitler
https://en.wikipedia.org/wiki/Antispila_metallella,https://en.wikipedia.org/wiki/Alps,https://en.wikipedia.org/wiki/Adolf_Hitler
https://en.wikipedia.org/wiki/Public_company,https://en.wikipedia.org/wiki/Mark_Zuckerberg,https://en.wikipedia.org/wiki/Adolf_Hitler
https://en.wikipedia.org/wiki/Kanye_West,https://en.wikipedia.org/wiki/Adolf_Hitler
https://en.wikipedia.org/wiki/Flash_Gordon:_The_Greatest_Adventure_of_All,https://en.wikipedia.org/wiki/Adolf_Hitler
https://en.wikipedia.org/wiki/Supermassive_black_hole,https://en.wikipedia.org/wiki/The_New_York_Times,https://en.wikipedia.org/wiki/Adolf_Hitler
https://en.wikipedia.org/wiki/East_Germany,https://en.wikipedia.org/wiki/Adolf_Hitler
https://en.wikipedia.org/wiki/William_Shakespeare,https://en.wikipedia.org/wiki/Chancellor,https://en.wikipedia.org/wiki/Adolf_Hitler
https://en.wikipedia.org/wiki/U.S._Route_22_in_New_Jersey,https://en.wikipedia.org/wiki/The_New_York_Times,https://en.wikipedia.org/wiki/Adolf_Hitler
https://en.wikipedia.org/wiki/Rahul_Sankrityayan,https://en.wikipedia.org/wiki/History,https://en.wikipedia.org/wiki/Historiography_of_Adolf_Hitler
https://en.wikipedia.org/wiki/Western_Front_(World_War_I),https://en.wikipedia.org/wiki/Adolf_Hitler
https://en.wikipedia.org/wiki/Austria,https://en.wikipedia.org/wiki/Adolf_Hitler
https://en.wikipedia.org/wiki/County_council,https://en.wikipedia.org/wiki/Isle_of_Wight,https://en.wikipedia.org/wiki/Adolf_Hitler
https://en.wikipedia.org/wiki/Chuvashia,https://en.wikipedia.org/wiki/Bolsheviks,https://en.wikipedia.org/wiki/Adolf_Hitler
https://en.wikipedia.org/wiki/Southern_Miss_Golden_Eagles_football,https://en.wikipedia.org/wiki/United_Press_International,https://en.wikipedia.org/wiki/Adolf_Hitler
https://en.wikipedia.org/wiki/San_Francisco_Examiner,https://en.wikipedia.org/wiki/William_Randolph_Hearst,https://en.wikipedia.org/wiki/Adolf_Hitler
https://en.wikipedia.org/wiki/Inverness,https://en.wikipedia.org/wiki/Scotland,https://en.wikipedia.org/wiki/Adolf_Hitler
https://en.wikipedia.org/wiki/A._David_Mazzone,https://en.wikipedia.org/wiki/Korean_War,https://en.wikipedia.org/wiki/Adolf_Hitler
https://en.wikipedia.org/wiki/Death_metal,https://en.wikipedia.org/wiki/Psychopathy,https://en.wikipedia.org/wiki/Adolf_Hitler
https://en.wikipedia.org/wiki/West_Germany,https://en.wikipedia.org/wiki/Adolf_Hitler
https://en.wikipedia.org/wiki/Volkswagen,https://en.wikipedia.org/wiki/Adolf_Hitler
https://en.wikipedia.org/wiki/Compilation_album,https://en.wikipedia.org/wiki/Synth-pop,https://en.wikipedia.org/wiki/Adolf_Hitler
https://en.wikipedia.org/wiki/List_of_minor_planet_discoverers,https://en.wikipedia.org/wiki/Soviet_Union,https://en.wikipedia.org/wiki/Adolf_Hitler
https://en.wikipedia.org/wiki/Species_description,https://en.wikipedia.org/wiki/Adolf_Hitler
https://en.wikipedia.org/wiki/Tlatoani,https://en.wikipedia.org/wiki/Commander-in-chief,https://en.wikipedia.org/wiki/Adolf_Hitler
https://en.wikipedia.org/wiki/Marketing,https://en.wikipedia.org/wiki/Twitter,https://en.wikipedia.org/wiki/Adolf_Hitler
https://en.wikipedia.org/wiki/Terry_Fair,https://en.wikipedia.org/wiki/Monday_Night_Football,https://en.wikipedia.org/wiki/Adolf_Hitler
https://en.wikipedia.org/wiki/Italians,https://en.wikipedia.org/wiki/Italian_diaspora,https://en.wikipedia.org/wiki/Adolf_Hitler
https://en.wikipedia.org/wiki/Contemporary_art,https://en.wikipedia.org/wiki/Neoclassicism,https://en.wikipedia.org/wiki/Adolf_Hitler
https://en.wikipedia.org/wiki/Sculptor,https://en.wikipedia.org/wiki/Modernism,https://en.wikipedia.org/wiki/Adolf_Hitler
https://en.wikipedia.org/wiki/Chinese_language,https://en.wikipedia.org/wiki/Transcription_into_Chinese_characters,https://en.wikipedia.org/wiki/Adolf_Hitler
https://en.wikipedia.org/wiki/Venetian_Macao,https://en.wikipedia.org/wiki/Spain,https://en.wikipedia.org/wiki/Adolf_Hitler
https://en.wikipedia.org/wiki/Leelee_Sobieski,https://en.wikipedia.org/wiki/Adolf_Hitler
https://en.wikipedia.org/wiki/Jackson_State_University,https://en.wikipedia.org/wiki/The_New_York_Times,https://en.wikipedia.org/wiki/Adolf_Hitler
https://en.wikipedia.org/wiki/Prospect_Park_(Brooklyn),https://en.wikipedia.org/wiki/The_Bronx,https://en.wikipedia.org/wiki/Adolf_Hitler
https://en.wikipedia.org/wiki/Forward_(association_football)#Striker,https://en.wikipedia.org/wiki/Pel%C3%A9,https://en.wikipedia.org/wiki/Adolf_Hitler
https://en.wikipedia.org/wiki/Sanskrit_language,https://en.wikipedia.org/wiki/Philology,https://en.wikipedia.org/wiki/Historiography_of_Adolf_Hitler
https://en.wikipedia.org/wiki/List_of_counties_in_Florida,https://en.wikipedia.org/wiki/Entrepreneur,https://en.wikipedia.org/wiki/Adolf_Hitler
https://en.wikipedia.org/wiki/Madura_United,https://en.wikipedia.org/wiki/Scotland,https://en.wikipedia.org/wiki/Adolf_Hitler
https://en.wikipedia.org/wiki/Precambrian,https://en.wikipedia.org/wiki/The_New_York_Times,https://en.wikipedia.org/wiki/Adolf_Hitler
"https://en.wikipedia.org/wiki/Carencro,_Louisiana",https://en.wikipedia.org/wiki/Indigenous_peoples_of_the_United_States,https://en.wikipedia.org/wiki/Adolf_Hitler
https://en.wikipedia.org/wiki/Helga,https://en.wikipedia.org/wiki/Low_Countries,https://en.wikipedia.org/wiki/Adolf_Hitler
https://en.wikipedia.org/wiki/Track_and_field,https://en.wikipedia.org/wiki/Sport,https://en.wikipedia.org/wiki/Adolf_Hitler
https://en.wikipedia.org/wiki/Taipei,https://en.wikipedia.org/wiki/Allies_of_World_War_II,https://en.wikipedia.org/wiki/Adolf_Hitler
https://en.wikipedia.org/wiki/William_Dixson,https://en.wikipedia.org/wiki/Australian_literature,https://en.wikipedia.org/wiki/Adolf_Hitler
https://en.wikipedia.org/wiki/Catholic_Action,https://en.wikipedia.org/wiki/Adolf_Hitler
https://en.wikipedia.org/wiki/Isfahan,https://en.wikipedia.org/wiki/UNESCO,https://en.wikipedia.org/wiki/Adolf_Hitler
https://en.wikipedia.org/wiki/Io_(moon),https://en.wikipedia.org/wiki/The_New_York_Times,https://en.wikipedia.org/wiki/Adolf_Hitler
https://en.wikipedia.org/wiki/Revolver,https://en.wikipedia.org/wiki/Tower_of_London,https://en.wikipedia.org/wiki/Adolf_Hitler
https://en.wikipedia.org/wiki/Floral_industry,https://en.wikipedia.org/wiki/Germany,https://en.wikipedia.org/wiki/Adolf_Hitler
https://en.wikipedia.org/wiki/Prince_Arisugawa_Takehito,https://en.wikipedia.org/wiki/Empire_of_Japan,https://en.wikipedia.org/wiki/Adolf_Hitler
https://en.wikipedia.org/wiki/List_of_countries,https://en.wikipedia.org/wiki/Austria,https://en.wikipedia.org/wiki/Adolf_Hitler
https://en.wikipedia.org/wiki/Bobo-Dioulasso,https://en.wikipedia.org/wiki/Great_Depression,https://en.wikipedia.org/wiki/Adolf_Hitler
https://en.wikipedia.org/wiki/Clay_court,https://en.wikipedia.org/wiki/Spain,https://en.wikipedia.org/wiki/Adolf_Hitler
https://en.wikipedia.org/wiki/Dewan_Rakyat,https://en.wikipedia.org/wiki/Head_of_government,https://en.wikipedia.org/wiki/Adolf_Hitler
https://en.wikipedia.org/wiki/Primera_Divisi%C3%B3#Stadiums,https://en.wikipedia.org/wiki/Spain,https://en.wikipedia.org/wiki/Adolf_Hitler
https://en.wikipedia.org/wiki/Lubyanka_Square,https://en.wikipedia.org/wiki/Lubyanka_Building,https://en.wikipedia.org/wiki/Adolf_Hitler
https://en.wikipedia.org/wiki/List_of_IOC_country_codes,https://en.wikipedia.org/wiki/Peru_at_the_Olympics,https://en.wikipedia.org/wiki/Adolf_Hitler
https://en.wikipedia.org/wiki/Pop_music,https://en.wikipedia.org/wiki/Synth-pop,https://en.wikipedia.org/wiki/Adolf_Hitler
https://en.wikipedia.org/wiki/Somali_language,https://en.wikipedia.org/wiki/University_of_London,https://en.wikipedia.org/wiki/Adolf_Hitler
https://en.wikipedia.org/wiki/Colon_(punctuation),https://en.wikipedia.org/wiki/Palaeography,https://en.wikipedia.org/wiki/Historiography_of_Adolf_Hitler
"https://en.wikipedia.org/wiki/Washington,_Tyne_and_Wear",https://en.wikipedia.org/wiki/Bryan_Ferry,https://en.wikipedia.org/wiki/Adolf_Hitler
https://en.wikipedia.org/wiki/Drill,https://en.wikipedia.org/wiki/Stuttgart,https://en.wikipedia.org/wiki/Adolf_Hitler
https://en.wikipedia.org/wiki/Surname,https://en.wikipedia.org/wiki/John_F._Kennedy,https://en.wikipedia.org/wiki/Adolf_Hitler
"https://en.wikipedia.org/wiki/Struthers,_Ohio",https://en.wikipedia.org/wiki/Youngstown_(song),https://en.wikipedia.org/wiki/Adolf_Hitler
"https://en.wikipedia.org/wiki/Roxboro,_North_Carolina",https://en.wikipedia.org/wiki/Scotland,https://en.wikipedia.org/wiki/Adolf_Hitler
https://en.wikipedia.org/wiki/V16_engine,https://en.wikipedia.org/wiki/Auto_Union_racing_car,https://en.wikipedia.org/wiki/Adolf_Hitler
https://en.wikipedia.org/wiki/Light_rapid_transit,https://en.wikipedia.org/wiki/Austria,https://en.wikipedia.org/wiki/Adolf_Hitler
https://en.wikipedia.org/wiki/Companion_of_the_Order_of_the_Bath,https://en.wikipedia.org/wiki/British_Armed_Forces,https://en.wikipedia.org/wiki/Adolf_Hitler
https://en.wikipedia.org/wiki/Light_rapid_transit,https://en.wikipedia.org/wiki/Austria,https://en.wikipedia.org/wiki/Adolf_Hitler
https://en.wikipedia.org/wiki/Bosnia,https://en.wikipedia.org/wiki/Adolf_Hitler
https://en.wikipedia.org/wiki/Stallion,https://en.wikipedia.org/wiki/Austria,https://en.wikipedia.org/wiki/Adolf_Hitler
https://en.wikipedia.org/wiki/List_of_IOC_country_codes,https://en.wikipedia.org/wiki/Peru_at_the_Olympics,https://en.wikipedia.org/wiki/Adolf_Hitler
https://en.wikipedia.org/wiki/Herbert_Hoover,https://en.wikipedia.org/wiki/Adolf_Hitler
https://en.wikipedia.org/wiki/Nobel_Peace_Prize,https://en.wikipedia.org/wiki/Adolf_Hitler
https://en.wikipedia.org/wiki/Offenbach_am_Main,https://en.wikipedia.org/wiki/Germany,https://en.wikipedia.org/wiki/Adolf_Hitler
https://en.wikipedia.org/wiki/Ohio-class_submarine,https://en.wikipedia.org/wiki/Soviet_Union,https://en.wikipedia.org/wiki/Adolf_Hitler
https://en.wikipedia.org/wiki/Olomouc,https://en.wikipedia.org/wiki/Adolf_Hitler
"https://en.wikipedia.org/wiki/Key_West,_Florida",https://en.wikipedia.org/wiki/Harry_S._Truman,https://en.wikipedia.org/wiki/Adolf_Hitler
https://en.wikipedia.org/wiki/Fine-art_photography,https://en.wikipedia.org/wiki/Robert_Capa,https://en.wikipedia.org/wiki/Adolf_Hitler
https://en.wikipedia.org/wiki/Kingdom_of_Italy,https://en.wikipedia.org/wiki/Adolf_Hitler
https://en.wikipedia.org/wiki/Eric_Linklater,https://en.wikipedia.org/wiki/Czechoslovakia,https://en.wikipedia.org/wiki/Adolf_Hitler
https://en.wikipedia.org/wiki/Irish_name,https://en.wikipedia.org/wiki/Douglas_Hyde,https://en.wikipedia.org/wiki/Death_of_Adolf_Hitler
https://en.wikipedia.org/wiki/Song,https://en.wikipedia.org/wiki/A._L._Lloyd,https://en.wikipedia.org/wiki/Adolf_Hitler
https://en.wikipedia.org/wiki/Semi-syllabary,https://en.wikipedia.org/wiki/Blackletter,https://en.wikipedia.org/wiki/Adolf_Hitler
https://en.wikipedia.org/wiki/Michael_Bay,https://en.wikipedia.org/wiki/Adolf_Hitler
https://en.wikipedia.org/wiki/Surabaya,https://en.wikipedia.org/wiki/Catholicism,https://en.wikipedia.org/wiki/Adolf_Hitler
https://en.wikipedia.org/wiki/Shiv_Sena,https://en.wikipedia.org/wiki/Bal_Thackeray,https://en.wikipedia.org/wiki/Adolf_Hitler
https://en.wikipedia.org/wiki/Great_Depression_of_1929,https://en.wikipedia.org/wiki/Adolf_Hitler
https://en.wikipedia.org/wiki/Submarine_depot_ship,https://en.wikipedia.org/wiki/Scotland,https://en.wikipedia.org/wiki/Adolf_Hitler
https://en.wikipedia.org/wiki/Saddam_Hussein,https://en.wikipedia.org/wiki/Adolf_Hitler
https://en.wikipedia.org/wiki/St._Gallen,https://en.wikipedia.org/wiki/UNESCO,https://en.wikipedia.org/wiki/Adolf_Hitler
https://en.wikipedia.org/wiki/George_B._Seitz,https://en.wikipedia.org/wiki/The_New_York_Times,https://en.wikipedia.org/wiki/Adolf_Hitler
https://en.wikipedia.org/wiki/Modernism_(music),https://en.wikipedia.org/wiki/Adolf_Hitler
https://en.wikipedia.org/wiki/Directive_(European_Union),https://en.wikipedia.org/wiki/Austria,https://en.wikipedia.org/wiki/Adolf_Hitler
https://en.wikipedia.org/wiki/William_Randolph_Hearst,https://en.wikipedia.org/wiki/Adolf_Hitler
https://en.wikipedia.org/wiki/Chancellor_(education),https://en.wikipedia.org/wiki/Academic_tenure,https://en.wikipedia.org/wiki/Adolf_Hitler
https://en.wikipedia.org/wiki/Adolphe_Braun,https://en.wikipedia.org/wiki/Mulhouse,https://en.wikipedia.org/wiki/Adolf_Hitler
https://en.wikipedia.org/wiki/BBC_News,https://en.wikipedia.org/wiki/Adolf_Hitler
https://en.wikipedia.org/wiki/Private_University,https://en.wikipedia.org/wiki/Haile_Selassie,https://en.wikipedia.org/wiki/Adolf_Hitler
https://en.wikipedia.org/wiki/Independent_politician,https://en.wikipedia.org/wiki/Bill_Clinton,https://en.wikipedia.org/wiki/Adolf_Hitler
https://en.wikipedia.org/wiki/Asian_Volleyball_Confederation,https://en.wikipedia.org/wiki/Acronym,https://en.wikipedia.org/wiki/Adolf_Hitler
https://en.wikipedia.org/wiki/Privacy_concerns_with_Twitter,https://en.wikipedia.org/wiki/Adolf_Hitler
https://en.wikipedia.org/wiki/Italian_Alps,https://en.wikipedia.org/wiki/Adolf_Hitler
https://en.wikipedia.org/wiki/Pacifist,https://en.wikipedia.org/wiki/Adolf_Hitler
https://en.wikipedia.org/wiki/BBC_Radio_1,https://en.wikipedia.org/wiki/Hip_hop_music,https://en.wikipedia.org/wiki/Adolf_Hitler
https://en.wikipedia.org/wiki/Husayni,https://en.wikipedia.org/wiki/Adolf_Hitler
https://en.wikipedia.org/wiki/Auckland_Museum,https://en.wikipedia.org/wiki/Edmund_Hillary,https://en.wikipedia.org/wiki/Adolf_Hitler
https://en.wikipedia.org/wiki/Ticker_symbol,https://en.wikipedia.org/wiki/Daimler_AG,https://en.wikipedia.org/wiki/Adolf_Hitler
"https://en.wikipedia.org/wiki/Pasadena,_California","https://en.wikipedia.org/wiki/George_S._Patton,_Jr.",https://en.wikipedia.org/wiki/Adolf_Hitler
https://en.wikipedia.org/wiki/Shoplifting,https://en.wikipedia.org/wiki/Age_of_Enlightenment,https://en.wikipedia.org/wiki/Historiography_of_Adolf_Hitler
https://en.wikipedia.org/wiki/IUCN_Red_List,https://en.wikipedia.org/wiki/Twitter_(identifier),https://en.wikipedia.org/wiki/Adolf_Hitler
https://en.wikipedia.org/wiki/Warwickshire,https://en.wikipedia.org/wiki/Coventry,https://en.wikipedia.org/wiki/Adolf_Hitler
https://en.wikipedia.org/wiki/Aquaculture,https://en.wikipedia.org/wiki/UNESCO,https://en.wikipedia.org/wiki/Adolf_Hitler
https://en.wikipedia.org/wiki/Ashwani_Mahajan,https://en.wikipedia.org/wiki/Rashtriya_Swayamsewak_Sangh,https://en.wikipedia.org/wiki/Adolf_Hitler
https://en.wikipedia.org/wiki/2007_A-League_Grand_Final,https://en.wikipedia.org/wiki/Scotland,https://en.wikipedia.org/wiki/Adolf_Hitler
https://en.wikipedia.org/wiki/Privy_Council_of_the_United_Kingdom,https://en.wikipedia.org/wiki/Referendums_in_the_United_Kingdom,https://en.wikipedia.org/wiki/Adolf_Hitler
https://en.wikipedia.org/wiki/Cape_Town,https://en.wikipedia.org/wiki/The_New_York_Times,https://en.wikipedia.org/wiki/Adolf_Hitler
https://en.wikipedia.org/wiki/Kfar_Saba,https://en.wikipedia.org/wiki/Jewish,https://en.wikipedia.org/wiki/Adolf_Hitler
https://en.wikipedia.org/wiki/Brain_simulation,https://en.wikipedia.org/wiki/BBC_News,https://en.wikipedia.org/wiki/Adolf_Hitler
https://en.wikipedia.org/wiki/Renault_Clio_Cup_United_Kingdom,https://en.wikipedia.org/wiki/Austria,https://en.wikipedia.org/wiki/Adolf_Hitler
https://en.wikipedia.org/wiki/Sharjah,https://en.wikipedia.org/wiki/Adolf_Hitler
"https://en.wikipedia.org/wiki/San_Antonio,_Texas",https://en.wikipedia.org/wiki/UNESCO,https://en.wikipedia.org/wiki/Adolf_Hitler
https://en.wikipedia.org/wiki/Latin,https://en.wikipedia.org/wiki/Renaissance,https://en.wikipedia.org/wiki/Historiography_of_Adolf_Hitler
https://en.wikipedia.org/wiki/Texas_Longhorns_football,https://en.wikipedia.org/wiki/Great_Depression,https://en.wikipedia.org/wiki/Adolf_Hitler
https://en.wikipedia.org/wiki/Lakshmi_Sahgal,https://en.wikipedia.org/wiki/Adolf_Hitler
https://en.wikipedia.org/wiki/Calendar,https://en.wikipedia.org/wiki/April_1,https://en.wikipedia.org/wiki/Adolf_Hitler
https://en.wikipedia.org/wiki/Tour_de_Cure_(Australian_charity),https://en.wikipedia.org/wiki/Twitter,https://en.wikipedia.org/wiki/Adolf_Hitler
https://en.wikipedia.org/wiki/Jerry_Hopper,https://en.wikipedia.org/wiki/The_Time_Tunnel,https://en.wikipedia.org/wiki/Adolf_Hitler
"https://en.wikipedia.org/wiki/New_Brooklyn,_New_Jersey",https://en.wikipedia.org/wiki/Republican_Party_(United_States),https://en.wikipedia.org/wiki/Adolf_Hitler
"https://en.wikipedia.org/wiki/Herbert_Samuel,_1st_Viscount_Samuel",https://en.wikipedia.org/wiki/Adolf_Hitler
https://en.wikipedia.org/wiki/Eleanor_Roosevelt,https://en.wikipedia.org/wiki/Adolf_Hitler
https://en.wikipedia.org/wiki/Cricket,https://en.wikipedia.org/wiki/Second_World_War,https://en.wikipedia.org/wiki/Adolf_Hitler
https://en.wikipedia.org/wiki/FIBA_Africa,https://en.wikipedia.org/wiki/Equatorial_Guinea,https://en.wikipedia.org/wiki/Adolf_Hitler
https://en.wikipedia.org/wiki/Kevin_Sorbo,https://en.wikipedia.org/wiki/The_New_York_Times,https://en.wikipedia.org/wiki/Adolf_Hitler
https://en.wikipedia.org/wiki/Fellow_of_the_Royal_Historical_Society,https://en.wikipedia.org/wiki/History,https://en.wikipedia.org/wiki/Historiography_of_Adolf_Hitler
https://en.wikipedia.org/wiki/Firebrand_Books,https://en.wikipedia.org/wiki/Feminist,https://en.wikipedia.org/wiki/Adolf_Hitler
https://en.wikipedia.org/wiki/Bobby_Fischer,https://en.wikipedia.org/wiki/Adolf_Hitler
https://en.wikipedia.org/wiki/Politics_of_Niger,https://en.wikipedia.org/wiki/Head_of_state,https://en.wikipedia.org/wiki/Adolf_Hitler
https://en.wikipedia.org/wiki/Roman_Catholic_Church,https://en.wikipedia.org/wiki/Adolf_Hitler
https://en.wikipedia.org/wiki/Protein_Data_Bank,https://en.wikipedia.org/wiki/Max_von_Laue,https://en.wikipedia.org/wiki/Adolf_Hitler
"https://en.wikipedia.org/wiki/Knoxville,_Tennessee",https://en.wikipedia.org/wiki/Great_Depression_in_the_United_States,https://en.wikipedia.org/wiki/Adolf_Hitler
https://en.wikipedia.org/wiki/Doris_Fish,https://en.wikipedia.org/wiki/The_New_York_Times,https://en.wikipedia.org/wiki/Adolf_Hitler
https://en.wikipedia.org/wiki/Saddam_Hussein,https://en.wikipedia.org/wiki/Adolf_Hitler
https://en.wikipedia.org/wiki/Mayo_county_football_team,https://en.wikipedia.org/wiki/World_War_II,https://en.wikipedia.org/wiki/Adolf_Hitler
https://en.wikipedia.org/wiki/ABS-CBN_Sports,https://en.wikipedia.org/wiki/Sports,https://en.wikipedia.org/wiki/Adolf_Hitler
https://en.wikipedia.org/wiki/USSR,https://en.wikipedia.org/wiki/Adolf_Hitler
https://en.wikipedia.org/wiki/Dartmouth_Big_Green_men%27s_ice_hockey,https://en.wikipedia.org/wiki/World_War_II,https://en.wikipedia.org/wiki/Adolf_Hitler
"https://en.wikipedia.org/wiki/Bronx,_NY",https://en.wikipedia.org/wiki/Adolf_Hitler
https://en.wikipedia.org/wiki/DJ_Yoda,https://en.wikipedia.org/wiki/Hip_hop_music,https://en.wikipedia.org/wiki/Adolf_Hitler
https://en.wikipedia.org/wiki/Bicycle_racing,https://en.wikipedia.org/wiki/Summer_Olympic_Games,https://en.wikipedia.org/wiki/Adolf_Hitler
https://en.wikipedia.org/wiki/National_Museum_of_Serbia,https://en.wikipedia.org/wiki/Operation_Retribution_(1941),https://en.wikipedia.org/wiki/Adolf_Hitler
https://en.wikipedia.org/wiki/Angeliki_Papoulia,"https://en.wikipedia.org/wiki/Hamburg,_Germany",https://en.wikipedia.org/wiki/Adolf_Hitler
https://en.wikipedia.org/wiki/Alfred_Milner,https://en.wikipedia.org/wiki/Adolf_Hitler
https://en.wikipedia.org/wiki/Anthony_Eden_hat,https://en.wikipedia.org/wiki/Adolf_Hitler
https://en.wikipedia.org/wiki/Private_company,https://en.wikipedia.org/wiki/General_Motors,https://en.wikipedia.org/wiki/Adolf_Hitler
https://en.wikipedia.org/wiki/Protected_Geographical_Status,https://en.wikipedia.org/wiki/Poland,https://en.wikipedia.org/wiki/Adolf_Hitler
https://en.wikipedia.org/wiki/Suure-Jaani,https://en.wikipedia.org/wiki/Helen_Tobias-Duesberg,https://en.wikipedia.org/wiki/Adolf_Hitler
https://en.wikipedia.org/wiki/Colony_of_Natal,https://en.wikipedia.org/wiki/Roman_Catholic,https://en.wikipedia.org/wiki/Adolf_Hitler
https://en.wikipedia.org/wiki/Solar_cycle#Sunspots,https://en.wikipedia.org/wiki/Copenhagen,https://en.wikipedia.org/wiki/Adolf_Hitler
https://en.wikipedia.org/wiki/Food_critic,https://en.wikipedia.org/wiki/The_New_York_Times,https://en.wikipedia.org/wiki/Adolf_Hitler
https://en.wikipedia.org/wiki/Synth-pop,https://en.wikipedia.org/wiki/Adolf_Hitler
https://en.wikipedia.org/wiki/BWF_World_Ranking,https://en.wikipedia.org/wiki/Spain,https://en.wikipedia.org/wiki/Adolf_Hitler
https://en.wikipedia.org/wiki/Hello_Girls,https://en.wikipedia.org/wiki/Jimmy_Carter,https://en.wikipedia.org/wiki/Adolf_Hitler
https://en.wikipedia.org/wiki/Ancient_Greek_language,https://en.wikipedia.org/wiki/Renaissance,https://en.wikipedia.org/wiki/Historiography_of_Adolf_Hitler
https://en.wikipedia.org/wiki/Croatia,https://en.wikipedia.org/wiki/Adolf_Hitler
https://en.wikipedia.org/wiki/Weekly_newspaper,https://en.wikipedia.org/wiki/Fake_news,https://en.wikipedia.org/wiki/Adolf_Hitler
https://en.wikipedia.org/wiki/House_of_Councillors_(Japan),https://en.wikipedia.org/wiki/Cambodia%E2%80%93Japan_relations,https://en.wikipedia.org/wiki/Adolf_Hitler
https://en.wikipedia.org/wiki/Royal_Navy,https://en.wikipedia.org/wiki/British_Armed_Forces,https://en.wikipedia.org/wiki/Adolf_Hitler
https://en.wikipedia.org/wiki/Patrick_Robinson_(actor),https://en.wikipedia.org/wiki/Simon_Schama,https://en.wikipedia.org/wiki/Adolf_Hitler
